video_id,frame_order,frame_index,frame_path
basketball/v_-6Os86HzwCs_c001_01,0,0,data\uniform_frames\v_-6Os86HzwCs_c001_01\frame_00.jpg
basketball/v_-6Os86HzwCs_c001_01,1,53,data\uniform_frames\v_-6Os86HzwCs_c001_01\frame_01.jpg
basketball/v_-6Os86HzwCs_c001_01,2,107,data\uniform_frames\v_-6Os86HzwCs_c001_01\frame_02.jpg
basketball/v_-6Os86HzwCs_c001_01,3,160,data\uniform_frames\v_-6Os86HzwCs_c001_01\frame_03.jpg
basketball/v_-6Os86HzwCs_c001_01,4,214,data\uniform_frames\v_-6Os86HzwCs_c001_01\frame_04.jpg
basketball/v_-6Os86HzwCs_c001_01,5,267,data\uniform_frames\v_-6Os86HzwCs_c001_01\frame_05.jpg
basketball/v_-6Os86HzwCs_c001_01,6,321,data\uniform_frames\v_-6Os86HzwCs_c001_01\frame_06.jpg
basketball/v_-6Os86HzwCs_c001_01,7,374,data\uniform_frames\v_-6Os86HzwCs_c001_01\frame_07.jpg
basketball/v_-6Os86HzwCs_c003_00,0,0,data\uniform_frames\v_-6Os86HzwCs_c003_00\frame_00.jpg
basketball/v_-6Os86HzwCs_c003_00,1,53,data\uniform_frames\v_-6Os86HzwCs_c003_00\frame_01.jpg
basketball/v_-6Os86HzwCs_c003_00,2,107,data\uniform_frames\v_-6Os86HzwCs_c003_00\frame_02.jpg
basketball/v_-6Os86HzwCs_c003_00,3,160,data\uniform_frames\v_-6Os86HzwCs_c003_00\frame_03.jpg
basketball/v_-6Os86HzwCs_c003_00,4,214,data\uniform_frames\v_-6Os86HzwCs_c003_00\frame_04.jpg
basketball/v_-6Os86HzwCs_c003_00,5,267,data\uniform_frames\v_-6Os86HzwCs_c003_00\frame_05.jpg
basketball/v_-6Os86HzwCs_c003_00,6,321,data\uniform_frames\v_-6Os86HzwCs_c003_00\frame_06.jpg
basketball/v_-6Os86HzwCs_c003_00,7,374,data\uniform_frames\v_-6Os86HzwCs_c003_00\frame_07.jpg
basketball/v_-6Os86HzwCs_c004_01,0,0,data\uniform_frames\v_-6Os86HzwCs_c004_01\frame_00.jpg
basketball/v_-6Os86HzwCs_c004_01,1,11,data\uniform_frames\v_-6Os86HzwCs_c004_01\frame_01.jpg
basketball/v_-6Os86HzwCs_c004_01,2,21,data\uniform_frames\v_-6Os86HzwCs_c004_01\frame_02.jpg
basketball/v_-6Os86HzwCs_c004_01,3,32,data\uniform_frames\v_-6Os86HzwCs_c004_01\frame_03.jpg
basketball/v_-6Os86HzwCs_c004_01,4,42,data\uniform_frames\v_-6Os86HzwCs_c004_01\frame_04.jpg
basketball/v_-6Os86HzwCs_c004_01,5,53,data\uniform_frames\v_-6Os86HzwCs_c004_01\frame_05.jpg
basketball/v_-6Os86HzwCs_c004_01,6,63,data\uniform_frames\v_-6Os86HzwCs_c004_01\frame_06.jpg
basketball/v_-6Os86HzwCs_c004_01,7,74,data\uniform_frames\v_-6Os86HzwCs_c004_01\frame_07.jpg
basketball/v_-9kabh1K8UA_c004_00,0,0,data\uniform_frames\v_-9kabh1K8UA_c004_00\frame_00.jpg
basketball/v_-9kabh1K8UA_c004_00,1,28,data\uniform_frames\v_-9kabh1K8UA_c004_00\frame_01.jpg
basketball/v_-9kabh1K8UA_c004_00,2,57,data\uniform_frames\v_-9kabh1K8UA_c004_00\frame_02.jpg
basketball/v_-9kabh1K8UA_c004_00,3,85,data\uniform_frames\v_-9kabh1K8UA_c004_00\frame_03.jpg
basketball/v_-9kabh1K8UA_c004_00,4,114,data\uniform_frames\v_-9kabh1K8UA_c004_00\frame_04.jpg
basketball/v_-9kabh1K8UA_c004_00,5,142,data\uniform_frames\v_-9kabh1K8UA_c004_00\frame_05.jpg
basketball/v_-9kabh1K8UA_c004_00,6,171,data\uniform_frames\v_-9kabh1K8UA_c004_00\frame_06.jpg
basketball/v_-9kabh1K8UA_c004_00,7,199,data\uniform_frames\v_-9kabh1K8UA_c004_00\frame_07.jpg
basketball/v_-9kabh1K8UA_c600_00,0,0,data\uniform_frames\v_-9kabh1K8UA_c600_00\frame_00.jpg
basketball/v_-9kabh1K8UA_c600_00,1,43,data\uniform_frames\v_-9kabh1K8UA_c600_00\frame_01.jpg
basketball/v_-9kabh1K8UA_c600_00,2,85,data\uniform_frames\v_-9kabh1K8UA_c600_00\frame_02.jpg
basketball/v_-9kabh1K8UA_c600_00,3,128,data\uniform_frames\v_-9kabh1K8UA_c600_00\frame_03.jpg
basketball/v_-9kabh1K8UA_c600_00,4,171,data\uniform_frames\v_-9kabh1K8UA_c600_00\frame_04.jpg
basketball/v_-9kabh1K8UA_c600_00,5,214,data\uniform_frames\v_-9kabh1K8UA_c600_00\frame_05.jpg
basketball/v_-9kabh1K8UA_c600_00,6,256,data\uniform_frames\v_-9kabh1K8UA_c600_00\frame_06.jpg
basketball/v_-9kabh1K8UA_c600_00,7,299,data\uniform_frames\v_-9kabh1K8UA_c600_00\frame_07.jpg
basketball/v_00HRwkvvjtQ_c001_04,0,0,data\uniform_frames\v_00HRwkvvjtQ_c001_04\frame_00.jpg
basketball/v_00HRwkvvjtQ_c001_04,1,53,data\uniform_frames\v_00HRwkvvjtQ_c001_04\frame_01.jpg
basketball/v_00HRwkvvjtQ_c001_04,2,107,data\uniform_frames\v_00HRwkvvjtQ_c001_04\frame_02.jpg
basketball/v_00HRwkvvjtQ_c001_04,3,160,data\uniform_frames\v_00HRwkvvjtQ_c001_04\frame_03.jpg
basketball/v_00HRwkvvjtQ_c001_04,4,214,data\uniform_frames\v_00HRwkvvjtQ_c001_04\frame_04.jpg
basketball/v_00HRwkvvjtQ_c001_04,5,267,data\uniform_frames\v_00HRwkvvjtQ_c001_04\frame_05.jpg
basketball/v_00HRwkvvjtQ_c001_04,6,321,data\uniform_frames\v_00HRwkvvjtQ_c001_04\frame_06.jpg
basketball/v_00HRwkvvjtQ_c001_04,7,374,data\uniform_frames\v_00HRwkvvjtQ_c001_04\frame_07.jpg
basketball/v_00HRwkvvjtQ_c001_05,0,0,data\uniform_frames\v_00HRwkvvjtQ_c001_05\frame_00.jpg
basketball/v_00HRwkvvjtQ_c001_05,1,32,data\uniform_frames\v_00HRwkvvjtQ_c001_05\frame_01.jpg
basketball/v_00HRwkvvjtQ_c001_05,2,64,data\uniform_frames\v_00HRwkvvjtQ_c001_05\frame_02.jpg
basketball/v_00HRwkvvjtQ_c001_05,3,96,data\uniform_frames\v_00HRwkvvjtQ_c001_05\frame_03.jpg
basketball/v_00HRwkvvjtQ_c001_05,4,129,data\uniform_frames\v_00HRwkvvjtQ_c001_05\frame_04.jpg
basketball/v_00HRwkvvjtQ_c001_05,5,161,data\uniform_frames\v_00HRwkvvjtQ_c001_05\frame_05.jpg
basketball/v_00HRwkvvjtQ_c001_05,6,193,data\uniform_frames\v_00HRwkvvjtQ_c001_05\frame_06.jpg
basketball/v_00HRwkvvjtQ_c001_05,7,225,data\uniform_frames\v_00HRwkvvjtQ_c001_05\frame_07.jpg
basketball/v_42VrMbd68Zg_c003_06,0,0,data\uniform_frames\v_42VrMbd68Zg_c003_06\frame_00.jpg
basketball/v_42VrMbd68Zg_c003_06,1,53,data\uniform_frames\v_42VrMbd68Zg_c003_06\frame_01.jpg
basketball/v_42VrMbd68Zg_c003_06,2,107,data\uniform_frames\v_42VrMbd68Zg_c003_06\frame_02.jpg
basketball/v_42VrMbd68Zg_c003_06,3,160,data\uniform_frames\v_42VrMbd68Zg_c003_06\frame_03.jpg
basketball/v_42VrMbd68Zg_c003_06,4,214,data\uniform_frames\v_42VrMbd68Zg_c003_06\frame_04.jpg
basketball/v_42VrMbd68Zg_c003_06,5,267,data\uniform_frames\v_42VrMbd68Zg_c003_06\frame_05.jpg
basketball/v_42VrMbd68Zg_c003_06,6,321,data\uniform_frames\v_42VrMbd68Zg_c003_06\frame_06.jpg
basketball/v_42VrMbd68Zg_c003_06,7,374,data\uniform_frames\v_42VrMbd68Zg_c003_06\frame_07.jpg
basketball/v_42VrMbd68Zg_c012_02,0,0,data\uniform_frames\v_42VrMbd68Zg_c012_02\frame_00.jpg
basketball/v_42VrMbd68Zg_c012_02,1,18,data\uniform_frames\v_42VrMbd68Zg_c012_02\frame_01.jpg
basketball/v_42VrMbd68Zg_c012_02,2,35,data\uniform_frames\v_42VrMbd68Zg_c012_02\frame_02.jpg
basketball/v_42VrMbd68Zg_c012_02,3,53,data\uniform_frames\v_42VrMbd68Zg_c012_02\frame_03.jpg
basketball/v_42VrMbd68Zg_c012_02,4,71,data\uniform_frames\v_42VrMbd68Zg_c012_02\frame_04.jpg
basketball/v_42VrMbd68Zg_c012_02,5,89,data\uniform_frames\v_42VrMbd68Zg_c012_02\frame_05.jpg
basketball/v_42VrMbd68Zg_c012_02,6,106,data\uniform_frames\v_42VrMbd68Zg_c012_02\frame_06.jpg
basketball/v_42VrMbd68Zg_c012_02,7,124,data\uniform_frames\v_42VrMbd68Zg_c012_02\frame_07.jpg
basketball/v_4LXTUim5anY_c002_00,0,0,data\uniform_frames\v_4LXTUim5anY_c002_00\frame_00.jpg
basketball/v_4LXTUim5anY_c002_00,1,53,data\uniform_frames\v_4LXTUim5anY_c002_00\frame_01.jpg
basketball/v_4LXTUim5anY_c002_00,2,107,data\uniform_frames\v_4LXTUim5anY_c002_00\frame_02.jpg
basketball/v_4LXTUim5anY_c002_00,3,160,data\uniform_frames\v_4LXTUim5anY_c002_00\frame_03.jpg
basketball/v_4LXTUim5anY_c002_00,4,214,data\uniform_frames\v_4LXTUim5anY_c002_00\frame_04.jpg
basketball/v_4LXTUim5anY_c002_00,5,267,data\uniform_frames\v_4LXTUim5anY_c002_00\frame_05.jpg
basketball/v_4LXTUim5anY_c002_00,6,321,data\uniform_frames\v_4LXTUim5anY_c002_00\frame_06.jpg
basketball/v_4LXTUim5anY_c002_00,7,374,data\uniform_frames\v_4LXTUim5anY_c002_00\frame_07.jpg
basketball/v_4LXTUim5anY_c014_00,0,0,data\uniform_frames\v_4LXTUim5anY_c014_00\frame_00.jpg
basketball/v_4LXTUim5anY_c014_00,1,32,data\uniform_frames\v_4LXTUim5anY_c014_00\frame_01.jpg
basketball/v_4LXTUim5anY_c014_00,2,64,data\uniform_frames\v_4LXTUim5anY_c014_00\frame_02.jpg
basketball/v_4LXTUim5anY_c014_00,3,96,data\uniform_frames\v_4LXTUim5anY_c014_00\frame_03.jpg
basketball/v_4LXTUim5anY_c014_00,4,129,data\uniform_frames\v_4LXTUim5anY_c014_00\frame_04.jpg
basketball/v_4LXTUim5anY_c014_00,5,161,data\uniform_frames\v_4LXTUim5anY_c014_00\frame_05.jpg
basketball/v_4LXTUim5anY_c014_00,6,193,data\uniform_frames\v_4LXTUim5anY_c014_00\frame_06.jpg
basketball/v_4LXTUim5anY_c014_00,7,225,data\uniform_frames\v_4LXTUim5anY_c014_00\frame_07.jpg
basketball/v_4nikeBZNYRE_c005_00,0,0,data\uniform_frames\v_4nikeBZNYRE_c005_00\frame_00.jpg
basketball/v_4nikeBZNYRE_c005_00,1,46,data\uniform_frames\v_4nikeBZNYRE_c005_00\frame_01.jpg
basketball/v_4nikeBZNYRE_c005_00,2,93,data\uniform_frames\v_4nikeBZNYRE_c005_00\frame_02.jpg
basketball/v_4nikeBZNYRE_c005_00,3,139,data\uniform_frames\v_4nikeBZNYRE_c005_00\frame_03.jpg
basketball/v_4nikeBZNYRE_c005_00,4,185,data\uniform_frames\v_4nikeBZNYRE_c005_00\frame_04.jpg
basketball/v_4nikeBZNYRE_c005_00,5,231,data\uniform_frames\v_4nikeBZNYRE_c005_00\frame_05.jpg
basketball/v_4nikeBZNYRE_c005_00,6,278,data\uniform_frames\v_4nikeBZNYRE_c005_00\frame_06.jpg
basketball/v_4nikeBZNYRE_c005_00,7,324,data\uniform_frames\v_4nikeBZNYRE_c005_00\frame_07.jpg
basketball/v_4r8QL_wglzQ_c007_00,0,0,data\uniform_frames\v_4r8QL_wglzQ_c007_00\frame_00.jpg
basketball/v_4r8QL_wglzQ_c007_00,1,43,data\uniform_frames\v_4r8QL_wglzQ_c007_00\frame_01.jpg
basketball/v_4r8QL_wglzQ_c007_00,2,85,data\uniform_frames\v_4r8QL_wglzQ_c007_00\frame_02.jpg
basketball/v_4r8QL_wglzQ_c007_00,3,128,data\uniform_frames\v_4r8QL_wglzQ_c007_00\frame_03.jpg
basketball/v_4r8QL_wglzQ_c007_00,4,171,data\uniform_frames\v_4r8QL_wglzQ_c007_00\frame_04.jpg
basketball/v_4r8QL_wglzQ_c007_00,5,214,data\uniform_frames\v_4r8QL_wglzQ_c007_00\frame_05.jpg
basketball/v_4r8QL_wglzQ_c007_00,6,256,data\uniform_frames\v_4r8QL_wglzQ_c007_00\frame_06.jpg
basketball/v_4r8QL_wglzQ_c007_00,7,299,data\uniform_frames\v_4r8QL_wglzQ_c007_00\frame_07.jpg
basketball/v_4r8QL_wglzQ_c008_00,0,0,data\uniform_frames\v_4r8QL_wglzQ_c008_00\frame_00.jpg
basketball/v_4r8QL_wglzQ_c008_00,1,53,data\uniform_frames\v_4r8QL_wglzQ_c008_00\frame_01.jpg
basketball/v_4r8QL_wglzQ_c008_00,2,107,data\uniform_frames\v_4r8QL_wglzQ_c008_00\frame_02.jpg
basketball/v_4r8QL_wglzQ_c008_00,3,160,data\uniform_frames\v_4r8QL_wglzQ_c008_00\frame_03.jpg
basketball/v_4r8QL_wglzQ_c008_00,4,214,data\uniform_frames\v_4r8QL_wglzQ_c008_00\frame_04.jpg
basketball/v_4r8QL_wglzQ_c008_00,5,267,data\uniform_frames\v_4r8QL_wglzQ_c008_00\frame_05.jpg
basketball/v_4r8QL_wglzQ_c008_00,6,321,data\uniform_frames\v_4r8QL_wglzQ_c008_00\frame_06.jpg
basketball/v_4r8QL_wglzQ_c008_00,7,374,data\uniform_frames\v_4r8QL_wglzQ_c008_00\frame_07.jpg
basketball/v_5ekaksddqrc_c003_00,0,0,data\uniform_frames\v_5ekaksddqrc_c003_00\frame_00.jpg
basketball/v_5ekaksddqrc_c003_00,1,53,data\uniform_frames\v_5ekaksddqrc_c003_00\frame_01.jpg
basketball/v_5ekaksddqrc_c003_00,2,107,data\uniform_frames\v_5ekaksddqrc_c003_00\frame_02.jpg
basketball/v_5ekaksddqrc_c003_00,3,160,data\uniform_frames\v_5ekaksddqrc_c003_00\frame_03.jpg
basketball/v_5ekaksddqrc_c003_00,4,214,data\uniform_frames\v_5ekaksddqrc_c003_00\frame_04.jpg
basketball/v_5ekaksddqrc_c003_00,5,267,data\uniform_frames\v_5ekaksddqrc_c003_00\frame_05.jpg
basketball/v_5ekaksddqrc_c003_00,6,321,data\uniform_frames\v_5ekaksddqrc_c003_00\frame_06.jpg
basketball/v_5ekaksddqrc_c003_00,7,374,data\uniform_frames\v_5ekaksddqrc_c003_00\frame_07.jpg
basketball/v_5ekaksddqrc_c005_00,0,0,data\uniform_frames\v_5ekaksddqrc_c005_00\frame_00.jpg
basketball/v_5ekaksddqrc_c005_00,1,53,data\uniform_frames\v_5ekaksddqrc_c005_00\frame_01.jpg
basketball/v_5ekaksddqrc_c005_00,2,107,data\uniform_frames\v_5ekaksddqrc_c005_00\frame_02.jpg
basketball/v_5ekaksddqrc_c005_00,3,160,data\uniform_frames\v_5ekaksddqrc_c005_00\frame_03.jpg
basketball/v_5ekaksddqrc_c005_00,4,214,data\uniform_frames\v_5ekaksddqrc_c005_00\frame_04.jpg
basketball/v_5ekaksddqrc_c005_00,5,267,data\uniform_frames\v_5ekaksddqrc_c005_00\frame_05.jpg
basketball/v_5ekaksddqrc_c005_00,6,321,data\uniform_frames\v_5ekaksddqrc_c005_00\frame_06.jpg
basketball/v_5ekaksddqrc_c005_00,7,374,data\uniform_frames\v_5ekaksddqrc_c005_00\frame_07.jpg
basketball/v_6OLC1-bhioc_c002_00,0,0,data\uniform_frames\v_6OLC1-bhioc_c002_00\frame_00.jpg
basketball/v_6OLC1-bhioc_c002_00,1,53,data\uniform_frames\v_6OLC1-bhioc_c002_00\frame_01.jpg
basketball/v_6OLC1-bhioc_c002_00,2,107,data\uniform_frames\v_6OLC1-bhioc_c002_00\frame_02.jpg
basketball/v_6OLC1-bhioc_c002_00,3,160,data\uniform_frames\v_6OLC1-bhioc_c002_00\frame_03.jpg
basketball/v_6OLC1-bhioc_c002_00,4,214,data\uniform_frames\v_6OLC1-bhioc_c002_00\frame_04.jpg
basketball/v_6OLC1-bhioc_c002_00,5,267,data\uniform_frames\v_6OLC1-bhioc_c002_00\frame_05.jpg
basketball/v_6OLC1-bhioc_c002_00,6,321,data\uniform_frames\v_6OLC1-bhioc_c002_00\frame_06.jpg
basketball/v_6OLC1-bhioc_c002_00,7,374,data\uniform_frames\v_6OLC1-bhioc_c002_00\frame_07.jpg
basketball/v_6OLC1-bhioc_c003_04,0,0,data\uniform_frames\v_6OLC1-bhioc_c003_04\frame_00.jpg
basketball/v_6OLC1-bhioc_c003_04,1,11,data\uniform_frames\v_6OLC1-bhioc_c003_04\frame_01.jpg
basketball/v_6OLC1-bhioc_c003_04,2,21,data\uniform_frames\v_6OLC1-bhioc_c003_04\frame_02.jpg
basketball/v_6OLC1-bhioc_c003_04,3,32,data\uniform_frames\v_6OLC1-bhioc_c003_04\frame_03.jpg
basketball/v_6OLC1-bhioc_c003_04,4,43,data\uniform_frames\v_6OLC1-bhioc_c003_04\frame_04.jpg
basketball/v_6OLC1-bhioc_c003_04,5,54,data\uniform_frames\v_6OLC1-bhioc_c003_04\frame_05.jpg
basketball/v_6OLC1-bhioc_c003_04,6,64,data\uniform_frames\v_6OLC1-bhioc_c003_04\frame_06.jpg
basketball/v_6OLC1-bhioc_c003_04,7,75,data\uniform_frames\v_6OLC1-bhioc_c003_04\frame_07.jpg
basketball/v_6OLC1-bhioc_c005_00,0,0,data\uniform_frames\v_6OLC1-bhioc_c005_00\frame_00.jpg
basketball/v_6OLC1-bhioc_c005_00,1,53,data\uniform_frames\v_6OLC1-bhioc_c005_00\frame_01.jpg
basketball/v_6OLC1-bhioc_c005_00,2,107,data\uniform_frames\v_6OLC1-bhioc_c005_00\frame_02.jpg
basketball/v_6OLC1-bhioc_c005_00,3,160,data\uniform_frames\v_6OLC1-bhioc_c005_00\frame_03.jpg
basketball/v_6OLC1-bhioc_c005_00,4,214,data\uniform_frames\v_6OLC1-bhioc_c005_00\frame_04.jpg
basketball/v_6OLC1-bhioc_c005_00,5,267,data\uniform_frames\v_6OLC1-bhioc_c005_00\frame_05.jpg
basketball/v_6OLC1-bhioc_c005_00,6,321,data\uniform_frames\v_6OLC1-bhioc_c005_00\frame_06.jpg
basketball/v_6OLC1-bhioc_c005_00,7,374,data\uniform_frames\v_6OLC1-bhioc_c005_00\frame_07.jpg
basketball/v_6OLC1-bhioc_c006_00,0,0,data\uniform_frames\v_6OLC1-bhioc_c006_00\frame_00.jpg
basketball/v_6OLC1-bhioc_c006_00,1,46,data\uniform_frames\v_6OLC1-bhioc_c006_00\frame_01.jpg
basketball/v_6OLC1-bhioc_c006_00,2,93,data\uniform_frames\v_6OLC1-bhioc_c006_00\frame_02.jpg
basketball/v_6OLC1-bhioc_c006_00,3,139,data\uniform_frames\v_6OLC1-bhioc_c006_00\frame_03.jpg
basketball/v_6OLC1-bhioc_c006_00,4,186,data\uniform_frames\v_6OLC1-bhioc_c006_00\frame_04.jpg
basketball/v_6OLC1-bhioc_c006_00,5,232,data\uniform_frames\v_6OLC1-bhioc_c006_00\frame_05.jpg
basketball/v_6OLC1-bhioc_c006_00,6,279,data\uniform_frames\v_6OLC1-bhioc_c006_00\frame_06.jpg
basketball/v_6OLC1-bhioc_c006_00,7,325,data\uniform_frames\v_6OLC1-bhioc_c006_00\frame_07.jpg
basketball/v_6oTxfzKdG6Q_c005_00,0,0,data\uniform_frames\v_6oTxfzKdG6Q_c005_00\frame_00.jpg
basketball/v_6oTxfzKdG6Q_c005_00,1,53,data\uniform_frames\v_6oTxfzKdG6Q_c005_00\frame_01.jpg
basketball/v_6oTxfzKdG6Q_c005_00,2,107,data\uniform_frames\v_6oTxfzKdG6Q_c005_00\frame_02.jpg
basketball/v_6oTxfzKdG6Q_c005_00,3,160,data\uniform_frames\v_6oTxfzKdG6Q_c005_00\frame_03.jpg
basketball/v_6oTxfzKdG6Q_c005_00,4,214,data\uniform_frames\v_6oTxfzKdG6Q_c005_00\frame_04.jpg
basketball/v_6oTxfzKdG6Q_c005_00,5,267,data\uniform_frames\v_6oTxfzKdG6Q_c005_00\frame_05.jpg
basketball/v_6oTxfzKdG6Q_c005_00,6,321,data\uniform_frames\v_6oTxfzKdG6Q_c005_00\frame_06.jpg
basketball/v_6oTxfzKdG6Q_c005_00,7,374,data\uniform_frames\v_6oTxfzKdG6Q_c005_00\frame_07.jpg
basketball/v_7FTsO8S3h88_c003_00,0,0,data\uniform_frames\v_7FTsO8S3h88_c003_00\frame_00.jpg
basketball/v_7FTsO8S3h88_c003_00,1,53,data\uniform_frames\v_7FTsO8S3h88_c003_00\frame_01.jpg
basketball/v_7FTsO8S3h88_c003_00,2,107,data\uniform_frames\v_7FTsO8S3h88_c003_00\frame_02.jpg
basketball/v_7FTsO8S3h88_c003_00,3,160,data\uniform_frames\v_7FTsO8S3h88_c003_00\frame_03.jpg
basketball/v_7FTsO8S3h88_c003_00,4,214,data\uniform_frames\v_7FTsO8S3h88_c003_00\frame_04.jpg
basketball/v_7FTsO8S3h88_c003_00,5,267,data\uniform_frames\v_7FTsO8S3h88_c003_00\frame_05.jpg
basketball/v_7FTsO8S3h88_c003_00,6,321,data\uniform_frames\v_7FTsO8S3h88_c003_00\frame_06.jpg
basketball/v_7FTsO8S3h88_c003_00,7,374,data\uniform_frames\v_7FTsO8S3h88_c003_00\frame_07.jpg
basketball/v_A4OJhlI6hgc_c005_02,0,0,data\uniform_frames\v_A4OJhlI6hgc_c005_02\frame_00.jpg
basketball/v_A4OJhlI6hgc_c005_02,1,25,data\uniform_frames\v_A4OJhlI6hgc_c005_02\frame_01.jpg
basketball/v_A4OJhlI6hgc_c005_02,2,50,data\uniform_frames\v_A4OJhlI6hgc_c005_02\frame_02.jpg
basketball/v_A4OJhlI6hgc_c005_02,3,75,data\uniform_frames\v_A4OJhlI6hgc_c005_02\frame_03.jpg
basketball/v_A4OJhlI6hgc_c005_02,4,99,data\uniform_frames\v_A4OJhlI6hgc_c005_02\frame_04.jpg
basketball/v_A4OJhlI6hgc_c005_02,5,124,data\uniform_frames\v_A4OJhlI6hgc_c005_02\frame_05.jpg
basketball/v_A4OJhlI6hgc_c005_02,6,149,data\uniform_frames\v_A4OJhlI6hgc_c005_02\frame_06.jpg
basketball/v_A4OJhlI6hgc_c005_02,7,174,data\uniform_frames\v_A4OJhlI6hgc_c005_02\frame_07.jpg
basketball/v_C94HDW9HYzU_c001_00,0,0,data\uniform_frames\v_C94HDW9HYzU_c001_00\frame_00.jpg
basketball/v_C94HDW9HYzU_c001_00,1,46,data\uniform_frames\v_C94HDW9HYzU_c001_00\frame_01.jpg
basketball/v_C94HDW9HYzU_c001_00,2,93,data\uniform_frames\v_C94HDW9HYzU_c001_00\frame_02.jpg
basketball/v_C94HDW9HYzU_c001_00,3,139,data\uniform_frames\v_C94HDW9HYzU_c001_00\frame_03.jpg
basketball/v_C94HDW9HYzU_c001_00,4,185,data\uniform_frames\v_C94HDW9HYzU_c001_00\frame_04.jpg
basketball/v_C94HDW9HYzU_c001_00,5,231,data\uniform_frames\v_C94HDW9HYzU_c001_00\frame_05.jpg
basketball/v_C94HDW9HYzU_c001_00,6,278,data\uniform_frames\v_C94HDW9HYzU_c001_00\frame_06.jpg
basketball/v_C94HDW9HYzU_c001_00,7,324,data\uniform_frames\v_C94HDW9HYzU_c001_00\frame_07.jpg
basketball/v_C94HDW9HYzU_c002_00,0,0,data\uniform_frames\v_C94HDW9HYzU_c002_00\frame_00.jpg
basketball/v_C94HDW9HYzU_c002_00,1,28,data\uniform_frames\v_C94HDW9HYzU_c002_00\frame_01.jpg
basketball/v_C94HDW9HYzU_c002_00,2,57,data\uniform_frames\v_C94HDW9HYzU_c002_00\frame_02.jpg
basketball/v_C94HDW9HYzU_c002_00,3,85,data\uniform_frames\v_C94HDW9HYzU_c002_00\frame_03.jpg
basketball/v_C94HDW9HYzU_c002_00,4,114,data\uniform_frames\v_C94HDW9HYzU_c002_00\frame_04.jpg
basketball/v_C94HDW9HYzU_c002_00,5,142,data\uniform_frames\v_C94HDW9HYzU_c002_00\frame_05.jpg
basketball/v_C94HDW9HYzU_c002_00,6,171,data\uniform_frames\v_C94HDW9HYzU_c002_00\frame_06.jpg
basketball/v_C94HDW9HYzU_c002_00,7,199,data\uniform_frames\v_C94HDW9HYzU_c002_00\frame_07.jpg
basketball/v_DC3D_JZQUqQ_c009_00,0,0,data\uniform_frames\v_DC3D_JZQUqQ_c009_00\frame_00.jpg
basketball/v_DC3D_JZQUqQ_c009_00,1,53,data\uniform_frames\v_DC3D_JZQUqQ_c009_00\frame_01.jpg
basketball/v_DC3D_JZQUqQ_c009_00,2,107,data\uniform_frames\v_DC3D_JZQUqQ_c009_00\frame_02.jpg
basketball/v_DC3D_JZQUqQ_c009_00,3,160,data\uniform_frames\v_DC3D_JZQUqQ_c009_00\frame_03.jpg
basketball/v_DC3D_JZQUqQ_c009_00,4,214,data\uniform_frames\v_DC3D_JZQUqQ_c009_00\frame_04.jpg
basketball/v_DC3D_JZQUqQ_c009_00,5,267,data\uniform_frames\v_DC3D_JZQUqQ_c009_00\frame_05.jpg
basketball/v_DC3D_JZQUqQ_c009_00,6,321,data\uniform_frames\v_DC3D_JZQUqQ_c009_00\frame_06.jpg
basketball/v_DC3D_JZQUqQ_c009_00,7,374,data\uniform_frames\v_DC3D_JZQUqQ_c009_00\frame_07.jpg
basketball/v_DC3D_JZQUqQ_c011_01,0,0,data\uniform_frames\v_DC3D_JZQUqQ_c011_01\frame_00.jpg
basketball/v_DC3D_JZQUqQ_c011_01,1,14,data\uniform_frames\v_DC3D_JZQUqQ_c011_01\frame_01.jpg
basketball/v_DC3D_JZQUqQ_c011_01,2,29,data\uniform_frames\v_DC3D_JZQUqQ_c011_01\frame_02.jpg
basketball/v_DC3D_JZQUqQ_c011_01,3,43,data\uniform_frames\v_DC3D_JZQUqQ_c011_01\frame_03.jpg
basketball/v_DC3D_JZQUqQ_c011_01,4,57,data\uniform_frames\v_DC3D_JZQUqQ_c011_01\frame_04.jpg
basketball/v_DC3D_JZQUqQ_c011_01,5,71,data\uniform_frames\v_DC3D_JZQUqQ_c011_01\frame_05.jpg
basketball/v_DC3D_JZQUqQ_c011_01,6,86,data\uniform_frames\v_DC3D_JZQUqQ_c011_01\frame_06.jpg
basketball/v_DC3D_JZQUqQ_c011_01,7,100,data\uniform_frames\v_DC3D_JZQUqQ_c011_01\frame_07.jpg
basketball/v_EGtCLk5BksU_c012_00,0,0,data\uniform_frames\v_EGtCLk5BksU_c012_00\frame_00.jpg
basketball/v_EGtCLk5BksU_c012_00,1,53,data\uniform_frames\v_EGtCLk5BksU_c012_00\frame_01.jpg
basketball/v_EGtCLk5BksU_c012_00,2,107,data\uniform_frames\v_EGtCLk5BksU_c012_00\frame_02.jpg
basketball/v_EGtCLk5BksU_c012_00,3,160,data\uniform_frames\v_EGtCLk5BksU_c012_00\frame_03.jpg
basketball/v_EGtCLk5BksU_c012_00,4,214,data\uniform_frames\v_EGtCLk5BksU_c012_00\frame_04.jpg
basketball/v_EGtCLk5BksU_c012_00,5,267,data\uniform_frames\v_EGtCLk5BksU_c012_00\frame_05.jpg
basketball/v_EGtCLk5BksU_c012_00,6,321,data\uniform_frames\v_EGtCLk5BksU_c012_00\frame_06.jpg
basketball/v_EGtCLk5BksU_c012_00,7,374,data\uniform_frames\v_EGtCLk5BksU_c012_00\frame_07.jpg
basketball/v_ERsBxGv2JxY_c015_01,0,0,data\uniform_frames\v_ERsBxGv2JxY_c015_01\frame_00.jpg
basketball/v_ERsBxGv2JxY_c015_01,1,53,data\uniform_frames\v_ERsBxGv2JxY_c015_01\frame_01.jpg
basketball/v_ERsBxGv2JxY_c015_01,2,107,data\uniform_frames\v_ERsBxGv2JxY_c015_01\frame_02.jpg
basketball/v_ERsBxGv2JxY_c015_01,3,160,data\uniform_frames\v_ERsBxGv2JxY_c015_01\frame_03.jpg
basketball/v_ERsBxGv2JxY_c015_01,4,214,data\uniform_frames\v_ERsBxGv2JxY_c015_01\frame_04.jpg
basketball/v_ERsBxGv2JxY_c015_01,5,267,data\uniform_frames\v_ERsBxGv2JxY_c015_01\frame_05.jpg
basketball/v_ERsBxGv2JxY_c015_01,6,321,data\uniform_frames\v_ERsBxGv2JxY_c015_01\frame_06.jpg
basketball/v_ERsBxGv2JxY_c015_01,7,374,data\uniform_frames\v_ERsBxGv2JxY_c015_01\frame_07.jpg
basketball/v_I-tZTTBt3rc_c008_00,0,0,data\uniform_frames\v_I-tZTTBt3rc_c008_00\frame_00.jpg
basketball/v_I-tZTTBt3rc_c008_00,1,21,data\uniform_frames\v_I-tZTTBt3rc_c008_00\frame_01.jpg
basketball/v_I-tZTTBt3rc_c008_00,2,43,data\uniform_frames\v_I-tZTTBt3rc_c008_00\frame_02.jpg
basketball/v_I-tZTTBt3rc_c008_00,3,64,data\uniform_frames\v_I-tZTTBt3rc_c008_00\frame_03.jpg
basketball/v_I-tZTTBt3rc_c008_00,4,85,data\uniform_frames\v_I-tZTTBt3rc_c008_00\frame_04.jpg
basketball/v_I-tZTTBt3rc_c008_00,5,106,data\uniform_frames\v_I-tZTTBt3rc_c008_00\frame_05.jpg
basketball/v_I-tZTTBt3rc_c008_00,6,128,data\uniform_frames\v_I-tZTTBt3rc_c008_00\frame_06.jpg
basketball/v_I-tZTTBt3rc_c008_00,7,149,data\uniform_frames\v_I-tZTTBt3rc_c008_00\frame_07.jpg
basketball/v_InvO0NFpSIw_c606_00,0,0,data\uniform_frames\v_InvO0NFpSIw_c606_00\frame_00.jpg
basketball/v_InvO0NFpSIw_c606_00,1,18,data\uniform_frames\v_InvO0NFpSIw_c606_00\frame_01.jpg
basketball/v_InvO0NFpSIw_c606_00,2,35,data\uniform_frames\v_InvO0NFpSIw_c606_00\frame_02.jpg
basketball/v_InvO0NFpSIw_c606_00,3,53,data\uniform_frames\v_InvO0NFpSIw_c606_00\frame_03.jpg
basketball/v_InvO0NFpSIw_c606_00,4,71,data\uniform_frames\v_InvO0NFpSIw_c606_00\frame_04.jpg
basketball/v_InvO0NFpSIw_c606_00,5,89,data\uniform_frames\v_InvO0NFpSIw_c606_00\frame_05.jpg
basketball/v_InvO0NFpSIw_c606_00,6,106,data\uniform_frames\v_InvO0NFpSIw_c606_00\frame_06.jpg
basketball/v_InvO0NFpSIw_c606_00,7,124,data\uniform_frames\v_InvO0NFpSIw_c606_00\frame_07.jpg
basketball/v_SHFVKZ6HJc8_c012_01,0,0,data\uniform_frames\v_SHFVKZ6HJc8_c012_01\frame_00.jpg
basketball/v_SHFVKZ6HJc8_c012_01,1,53,data\uniform_frames\v_SHFVKZ6HJc8_c012_01\frame_01.jpg
basketball/v_SHFVKZ6HJc8_c012_01,2,107,data\uniform_frames\v_SHFVKZ6HJc8_c012_01\frame_02.jpg
basketball/v_SHFVKZ6HJc8_c012_01,3,160,data\uniform_frames\v_SHFVKZ6HJc8_c012_01\frame_03.jpg
basketball/v_SHFVKZ6HJc8_c012_01,4,214,data\uniform_frames\v_SHFVKZ6HJc8_c012_01\frame_04.jpg
basketball/v_SHFVKZ6HJc8_c012_01,5,267,data\uniform_frames\v_SHFVKZ6HJc8_c012_01\frame_05.jpg
basketball/v_SHFVKZ6HJc8_c012_01,6,321,data\uniform_frames\v_SHFVKZ6HJc8_c012_01\frame_06.jpg
basketball/v_SHFVKZ6HJc8_c012_01,7,374,data\uniform_frames\v_SHFVKZ6HJc8_c012_01\frame_07.jpg
basketball/v_SHFVKZ6HJc8_c602_00,0,0,data\uniform_frames\v_SHFVKZ6HJc8_c602_00\frame_00.jpg
basketball/v_SHFVKZ6HJc8_c602_00,1,32,data\uniform_frames\v_SHFVKZ6HJc8_c602_00\frame_01.jpg
basketball/v_SHFVKZ6HJc8_c602_00,2,64,data\uniform_frames\v_SHFVKZ6HJc8_c602_00\frame_02.jpg
basketball/v_SHFVKZ6HJc8_c602_00,3,96,data\uniform_frames\v_SHFVKZ6HJc8_c602_00\frame_03.jpg
basketball/v_SHFVKZ6HJc8_c602_00,4,128,data\uniform_frames\v_SHFVKZ6HJc8_c602_00\frame_04.jpg
basketball/v_SHFVKZ6HJc8_c602_00,5,160,data\uniform_frames\v_SHFVKZ6HJc8_c602_00\frame_05.jpg
basketball/v_SHFVKZ6HJc8_c602_00,6,192,data\uniform_frames\v_SHFVKZ6HJc8_c602_00\frame_06.jpg
basketball/v_SHFVKZ6HJc8_c602_00,7,224,data\uniform_frames\v_SHFVKZ6HJc8_c602_00\frame_07.jpg
basketball/v_SHFVKZ6HJc8_c603_00,0,0,data\uniform_frames\v_SHFVKZ6HJc8_c603_00\frame_00.jpg
basketball/v_SHFVKZ6HJc8_c603_00,1,25,data\uniform_frames\v_SHFVKZ6HJc8_c603_00\frame_01.jpg
basketball/v_SHFVKZ6HJc8_c603_00,2,50,data\uniform_frames\v_SHFVKZ6HJc8_c603_00\frame_02.jpg
basketball/v_SHFVKZ6HJc8_c603_00,3,75,data\uniform_frames\v_SHFVKZ6HJc8_c603_00\frame_03.jpg
basketball/v_SHFVKZ6HJc8_c603_00,4,99,data\uniform_frames\v_SHFVKZ6HJc8_c603_00\frame_04.jpg
basketball/v_SHFVKZ6HJc8_c603_00,5,124,data\uniform_frames\v_SHFVKZ6HJc8_c603_00\frame_05.jpg
basketball/v_SHFVKZ6HJc8_c603_00,6,149,data\uniform_frames\v_SHFVKZ6HJc8_c603_00\frame_06.jpg
basketball/v_SHFVKZ6HJc8_c603_00,7,174,data\uniform_frames\v_SHFVKZ6HJc8_c603_00\frame_07.jpg
basketball/v_UPbRcF0SSo0_c010_01,0,0,data\uniform_frames\v_UPbRcF0SSo0_c010_01\frame_00.jpg
basketball/v_UPbRcF0SSo0_c010_01,1,7,data\uniform_frames\v_UPbRcF0SSo0_c010_01\frame_01.jpg
basketball/v_UPbRcF0SSo0_c010_01,2,14,data\uniform_frames\v_UPbRcF0SSo0_c010_01\frame_02.jpg
basketball/v_UPbRcF0SSo0_c010_01,3,21,data\uniform_frames\v_UPbRcF0SSo0_c010_01\frame_03.jpg
basketball/v_UPbRcF0SSo0_c010_01,4,28,data\uniform_frames\v_UPbRcF0SSo0_c010_01\frame_04.jpg
basketball/v_UPbRcF0SSo0_c010_01,5,35,data\uniform_frames\v_UPbRcF0SSo0_c010_01\frame_05.jpg
basketball/v_UPbRcF0SSo0_c010_01,6,42,data\uniform_frames\v_UPbRcF0SSo0_c010_01\frame_06.jpg
basketball/v_UPbRcF0SSo0_c010_01,7,49,data\uniform_frames\v_UPbRcF0SSo0_c010_01\frame_07.jpg
basketball/v_V4tIg2zSbWU_c007_00,0,0,data\uniform_frames\v_V4tIg2zSbWU_c007_00\frame_00.jpg
basketball/v_V4tIg2zSbWU_c007_00,1,39,data\uniform_frames\v_V4tIg2zSbWU_c007_00\frame_01.jpg
basketball/v_V4tIg2zSbWU_c007_00,2,78,data\uniform_frames\v_V4tIg2zSbWU_c007_00\frame_02.jpg
basketball/v_V4tIg2zSbWU_c007_00,3,117,data\uniform_frames\v_V4tIg2zSbWU_c007_00\frame_03.jpg
basketball/v_V4tIg2zSbWU_c007_00,4,157,data\uniform_frames\v_V4tIg2zSbWU_c007_00\frame_04.jpg
basketball/v_V4tIg2zSbWU_c007_00,5,196,data\uniform_frames\v_V4tIg2zSbWU_c007_00\frame_05.jpg
basketball/v_V4tIg2zSbWU_c007_00,6,235,data\uniform_frames\v_V4tIg2zSbWU_c007_00\frame_06.jpg
basketball/v_V4tIg2zSbWU_c007_00,7,274,data\uniform_frames\v_V4tIg2zSbWU_c007_00\frame_07.jpg
basketball/v_aVfJwdQxCsU_c007_00,0,0,data\uniform_frames\v_aVfJwdQxCsU_c007_00\frame_00.jpg
basketball/v_aVfJwdQxCsU_c007_00,1,53,data\uniform_frames\v_aVfJwdQxCsU_c007_00\frame_01.jpg
basketball/v_aVfJwdQxCsU_c007_00,2,107,data\uniform_frames\v_aVfJwdQxCsU_c007_00\frame_02.jpg
basketball/v_aVfJwdQxCsU_c007_00,3,160,data\uniform_frames\v_aVfJwdQxCsU_c007_00\frame_03.jpg
basketball/v_aVfJwdQxCsU_c007_00,4,214,data\uniform_frames\v_aVfJwdQxCsU_c007_00\frame_04.jpg
basketball/v_aVfJwdQxCsU_c007_00,5,267,data\uniform_frames\v_aVfJwdQxCsU_c007_00\frame_05.jpg
basketball/v_aVfJwdQxCsU_c007_00,6,321,data\uniform_frames\v_aVfJwdQxCsU_c007_00\frame_06.jpg
basketball/v_aVfJwdQxCsU_c007_00,7,374,data\uniform_frames\v_aVfJwdQxCsU_c007_00\frame_07.jpg
basketball/v_en2wx__oWmE_c005_00,0,0,data\uniform_frames\v_en2wx__oWmE_c005_00\frame_00.jpg
basketball/v_en2wx__oWmE_c005_00,1,53,data\uniform_frames\v_en2wx__oWmE_c005_00\frame_01.jpg
basketball/v_en2wx__oWmE_c005_00,2,107,data\uniform_frames\v_en2wx__oWmE_c005_00\frame_02.jpg
basketball/v_en2wx__oWmE_c005_00,3,160,data\uniform_frames\v_en2wx__oWmE_c005_00\frame_03.jpg
basketball/v_en2wx__oWmE_c005_00,4,214,data\uniform_frames\v_en2wx__oWmE_c005_00\frame_04.jpg
basketball/v_en2wx__oWmE_c005_00,5,267,data\uniform_frames\v_en2wx__oWmE_c005_00\frame_05.jpg
basketball/v_en2wx__oWmE_c005_00,6,321,data\uniform_frames\v_en2wx__oWmE_c005_00\frame_06.jpg
basketball/v_en2wx__oWmE_c005_00,7,374,data\uniform_frames\v_en2wx__oWmE_c005_00\frame_07.jpg
basketball/v_f6a3B499nwY_c006_00,0,0,data\uniform_frames\v_f6a3B499nwY_c006_00\frame_00.jpg
basketball/v_f6a3B499nwY_c006_00,1,50,data\uniform_frames\v_f6a3B499nwY_c006_00\frame_01.jpg
basketball/v_f6a3B499nwY_c006_00,2,100,data\uniform_frames\v_f6a3B499nwY_c006_00\frame_02.jpg
basketball/v_f6a3B499nwY_c006_00,3,150,data\uniform_frames\v_f6a3B499nwY_c006_00\frame_03.jpg
basketball/v_f6a3B499nwY_c006_00,4,199,data\uniform_frames\v_f6a3B499nwY_c006_00\frame_04.jpg
basketball/v_f6a3B499nwY_c006_00,5,249,data\uniform_frames\v_f6a3B499nwY_c006_00\frame_05.jpg
basketball/v_f6a3B499nwY_c006_00,6,299,data\uniform_frames\v_f6a3B499nwY_c006_00\frame_06.jpg
basketball/v_f6a3B499nwY_c006_00,7,349,data\uniform_frames\v_f6a3B499nwY_c006_00\frame_07.jpg
basketball/v_f6a3B499nwY_c007_01,0,0,data\uniform_frames\v_f6a3B499nwY_c007_01\frame_00.jpg
basketball/v_f6a3B499nwY_c007_01,1,18,data\uniform_frames\v_f6a3B499nwY_c007_01\frame_01.jpg
basketball/v_f6a3B499nwY_c007_01,2,35,data\uniform_frames\v_f6a3B499nwY_c007_01\frame_02.jpg
basketball/v_f6a3B499nwY_c007_01,3,53,data\uniform_frames\v_f6a3B499nwY_c007_01\frame_03.jpg
basketball/v_f6a3B499nwY_c007_01,4,71,data\uniform_frames\v_f6a3B499nwY_c007_01\frame_04.jpg
basketball/v_f6a3B499nwY_c007_01,5,89,data\uniform_frames\v_f6a3B499nwY_c007_01\frame_05.jpg
basketball/v_f6a3B499nwY_c007_01,6,106,data\uniform_frames\v_f6a3B499nwY_c007_01\frame_06.jpg
basketball/v_f6a3B499nwY_c007_01,7,124,data\uniform_frames\v_f6a3B499nwY_c007_01\frame_07.jpg
basketball/v_hDBjIvCw7Kk_c001_02,0,0,data\uniform_frames\v_hDBjIvCw7Kk_c001_02\frame_00.jpg
basketball/v_hDBjIvCw7Kk_c001_02,1,53,data\uniform_frames\v_hDBjIvCw7Kk_c001_02\frame_01.jpg
basketball/v_hDBjIvCw7Kk_c001_02,2,107,data\uniform_frames\v_hDBjIvCw7Kk_c001_02\frame_02.jpg
basketball/v_hDBjIvCw7Kk_c001_02,3,160,data\uniform_frames\v_hDBjIvCw7Kk_c001_02\frame_03.jpg
basketball/v_hDBjIvCw7Kk_c001_02,4,214,data\uniform_frames\v_hDBjIvCw7Kk_c001_02\frame_04.jpg
basketball/v_hDBjIvCw7Kk_c001_02,5,267,data\uniform_frames\v_hDBjIvCw7Kk_c001_02\frame_05.jpg
basketball/v_hDBjIvCw7Kk_c001_02,6,321,data\uniform_frames\v_hDBjIvCw7Kk_c001_02\frame_06.jpg
basketball/v_hDBjIvCw7Kk_c001_02,7,374,data\uniform_frames\v_hDBjIvCw7Kk_c001_02\frame_07.jpg
basketball/v_iO0QqaR5E24_c001_01,0,0,data\uniform_frames\v_iO0QqaR5E24_c001_01\frame_00.jpg
basketball/v_iO0QqaR5E24_c001_01,1,50,data\uniform_frames\v_iO0QqaR5E24_c001_01\frame_01.jpg
basketball/v_iO0QqaR5E24_c001_01,2,100,data\uniform_frames\v_iO0QqaR5E24_c001_01\frame_02.jpg
basketball/v_iO0QqaR5E24_c001_01,3,150,data\uniform_frames\v_iO0QqaR5E24_c001_01\frame_03.jpg
basketball/v_iO0QqaR5E24_c001_01,4,201,data\uniform_frames\v_iO0QqaR5E24_c001_01\frame_04.jpg
basketball/v_iO0QqaR5E24_c001_01,5,251,data\uniform_frames\v_iO0QqaR5E24_c001_01\frame_05.jpg
basketball/v_iO0QqaR5E24_c001_01,6,301,data\uniform_frames\v_iO0QqaR5E24_c001_01\frame_06.jpg
basketball/v_iO0QqaR5E24_c001_01,7,351,data\uniform_frames\v_iO0QqaR5E24_c001_01\frame_07.jpg
basketball/v_iO0QqaR5E24_c008_01,0,0,data\uniform_frames\v_iO0QqaR5E24_c008_01\frame_00.jpg
basketball/v_iO0QqaR5E24_c008_01,1,53,data\uniform_frames\v_iO0QqaR5E24_c008_01\frame_01.jpg
basketball/v_iO0QqaR5E24_c008_01,2,107,data\uniform_frames\v_iO0QqaR5E24_c008_01\frame_02.jpg
basketball/v_iO0QqaR5E24_c008_01,3,160,data\uniform_frames\v_iO0QqaR5E24_c008_01\frame_03.jpg
basketball/v_iO0QqaR5E24_c008_01,4,214,data\uniform_frames\v_iO0QqaR5E24_c008_01\frame_04.jpg
basketball/v_iO0QqaR5E24_c008_01,5,267,data\uniform_frames\v_iO0QqaR5E24_c008_01\frame_05.jpg
basketball/v_iO0QqaR5E24_c008_01,6,321,data\uniform_frames\v_iO0QqaR5E24_c008_01\frame_06.jpg
basketball/v_iO0QqaR5E24_c008_01,7,374,data\uniform_frames\v_iO0QqaR5E24_c008_01\frame_07.jpg
basketball/v_icDf81dWZHw_c011_01,0,0,data\uniform_frames\v_icDf81dWZHw_c011_01\frame_00.jpg
basketball/v_icDf81dWZHw_c011_01,1,53,data\uniform_frames\v_icDf81dWZHw_c011_01\frame_01.jpg
basketball/v_icDf81dWZHw_c011_01,2,107,data\uniform_frames\v_icDf81dWZHw_c011_01\frame_02.jpg
basketball/v_icDf81dWZHw_c011_01,3,160,data\uniform_frames\v_icDf81dWZHw_c011_01\frame_03.jpg
basketball/v_icDf81dWZHw_c011_01,4,214,data\uniform_frames\v_icDf81dWZHw_c011_01\frame_04.jpg
basketball/v_icDf81dWZHw_c011_01,5,267,data\uniform_frames\v_icDf81dWZHw_c011_01\frame_05.jpg
basketball/v_icDf81dWZHw_c011_01,6,321,data\uniform_frames\v_icDf81dWZHw_c011_01\frame_06.jpg
basketball/v_icDf81dWZHw_c011_01,7,374,data\uniform_frames\v_icDf81dWZHw_c011_01\frame_07.jpg
basketball/v_jZY5cZWGWKE_c003_00,0,0,data\uniform_frames\v_jZY5cZWGWKE_c003_00\frame_00.jpg
basketball/v_jZY5cZWGWKE_c003_00,1,53,data\uniform_frames\v_jZY5cZWGWKE_c003_00\frame_01.jpg
basketball/v_jZY5cZWGWKE_c003_00,2,107,data\uniform_frames\v_jZY5cZWGWKE_c003_00\frame_02.jpg
basketball/v_jZY5cZWGWKE_c003_00,3,160,data\uniform_frames\v_jZY5cZWGWKE_c003_00\frame_03.jpg
basketball/v_jZY5cZWGWKE_c003_00,4,214,data\uniform_frames\v_jZY5cZWGWKE_c003_00\frame_04.jpg
basketball/v_jZY5cZWGWKE_c003_00,5,267,data\uniform_frames\v_jZY5cZWGWKE_c003_00\frame_05.jpg
basketball/v_jZY5cZWGWKE_c003_00,6,321,data\uniform_frames\v_jZY5cZWGWKE_c003_00\frame_06.jpg
basketball/v_jZY5cZWGWKE_c003_00,7,374,data\uniform_frames\v_jZY5cZWGWKE_c003_00\frame_07.jpg
basketball/v_jZY5cZWGWKE_c009_01,0,0,data\uniform_frames\v_jZY5cZWGWKE_c009_01\frame_00.jpg
basketball/v_jZY5cZWGWKE_c009_01,1,11,data\uniform_frames\v_jZY5cZWGWKE_c009_01\frame_01.jpg
basketball/v_jZY5cZWGWKE_c009_01,2,21,data\uniform_frames\v_jZY5cZWGWKE_c009_01\frame_02.jpg
basketball/v_jZY5cZWGWKE_c009_01,3,32,data\uniform_frames\v_jZY5cZWGWKE_c009_01\frame_03.jpg
basketball/v_jZY5cZWGWKE_c009_01,4,42,data\uniform_frames\v_jZY5cZWGWKE_c009_01\frame_04.jpg
basketball/v_jZY5cZWGWKE_c009_01,5,53,data\uniform_frames\v_jZY5cZWGWKE_c009_01\frame_05.jpg
basketball/v_jZY5cZWGWKE_c009_01,6,63,data\uniform_frames\v_jZY5cZWGWKE_c009_01\frame_06.jpg
basketball/v_jZY5cZWGWKE_c009_01,7,74,data\uniform_frames\v_jZY5cZWGWKE_c009_01\frame_07.jpg
basketball/v_kguAFIlDI4E_c011_00,0,0,data\uniform_frames\v_kguAFIlDI4E_c011_00\frame_00.jpg
basketball/v_kguAFIlDI4E_c011_00,1,53,data\uniform_frames\v_kguAFIlDI4E_c011_00\frame_01.jpg
basketball/v_kguAFIlDI4E_c011_00,2,107,data\uniform_frames\v_kguAFIlDI4E_c011_00\frame_02.jpg
basketball/v_kguAFIlDI4E_c011_00,3,160,data\uniform_frames\v_kguAFIlDI4E_c011_00\frame_03.jpg
basketball/v_kguAFIlDI4E_c011_00,4,214,data\uniform_frames\v_kguAFIlDI4E_c011_00\frame_04.jpg
basketball/v_kguAFIlDI4E_c011_00,5,267,data\uniform_frames\v_kguAFIlDI4E_c011_00\frame_05.jpg
basketball/v_kguAFIlDI4E_c011_00,6,321,data\uniform_frames\v_kguAFIlDI4E_c011_00\frame_06.jpg
basketball/v_kguAFIlDI4E_c011_00,7,374,data\uniform_frames\v_kguAFIlDI4E_c011_00\frame_07.jpg
basketball/v_kguAFIlDI4E_c012_01,0,0,data\uniform_frames\v_kguAFIlDI4E_c012_01\frame_00.jpg
basketball/v_kguAFIlDI4E_c012_01,1,28,data\uniform_frames\v_kguAFIlDI4E_c012_01\frame_01.jpg
basketball/v_kguAFIlDI4E_c012_01,2,57,data\uniform_frames\v_kguAFIlDI4E_c012_01\frame_02.jpg
basketball/v_kguAFIlDI4E_c012_01,3,85,data\uniform_frames\v_kguAFIlDI4E_c012_01\frame_03.jpg
basketball/v_kguAFIlDI4E_c012_01,4,114,data\uniform_frames\v_kguAFIlDI4E_c012_01\frame_04.jpg
basketball/v_kguAFIlDI4E_c012_01,5,142,data\uniform_frames\v_kguAFIlDI4E_c012_01\frame_05.jpg
basketball/v_kguAFIlDI4E_c012_01,6,171,data\uniform_frames\v_kguAFIlDI4E_c012_01\frame_06.jpg
basketball/v_kguAFIlDI4E_c012_01,7,199,data\uniform_frames\v_kguAFIlDI4E_c012_01\frame_07.jpg
basketball/v_l4OIaX8_D10_c002_00,0,0,data\uniform_frames\v_l4OIaX8_D10_c002_00\frame_00.jpg
basketball/v_l4OIaX8_D10_c002_00,1,53,data\uniform_frames\v_l4OIaX8_D10_c002_00\frame_01.jpg
basketball/v_l4OIaX8_D10_c002_00,2,107,data\uniform_frames\v_l4OIaX8_D10_c002_00\frame_02.jpg
basketball/v_l4OIaX8_D10_c002_00,3,160,data\uniform_frames\v_l4OIaX8_D10_c002_00\frame_03.jpg
basketball/v_l4OIaX8_D10_c002_00,4,214,data\uniform_frames\v_l4OIaX8_D10_c002_00\frame_04.jpg
basketball/v_l4OIaX8_D10_c002_00,5,267,data\uniform_frames\v_l4OIaX8_D10_c002_00\frame_05.jpg
basketball/v_l4OIaX8_D10_c002_00,6,321,data\uniform_frames\v_l4OIaX8_D10_c002_00\frame_06.jpg
basketball/v_l4OIaX8_D10_c002_00,7,374,data\uniform_frames\v_l4OIaX8_D10_c002_00\frame_07.jpg
basketball/v_l4OIaX8_D10_c002_02,0,0,data\uniform_frames\v_l4OIaX8_D10_c002_02\frame_00.jpg
basketball/v_l4OIaX8_D10_c002_02,1,36,data\uniform_frames\v_l4OIaX8_D10_c002_02\frame_01.jpg
basketball/v_l4OIaX8_D10_c002_02,2,71,data\uniform_frames\v_l4OIaX8_D10_c002_02\frame_02.jpg
basketball/v_l4OIaX8_D10_c002_02,3,107,data\uniform_frames\v_l4OIaX8_D10_c002_02\frame_03.jpg
basketball/v_l4OIaX8_D10_c002_02,4,142,data\uniform_frames\v_l4OIaX8_D10_c002_02\frame_04.jpg
basketball/v_l4OIaX8_D10_c002_02,5,178,data\uniform_frames\v_l4OIaX8_D10_c002_02\frame_05.jpg
basketball/v_l4OIaX8_D10_c002_02,6,213,data\uniform_frames\v_l4OIaX8_D10_c002_02\frame_06.jpg
basketball/v_l4OIaX8_D10_c002_02,7,249,data\uniform_frames\v_l4OIaX8_D10_c002_02\frame_07.jpg
basketball/v_l4OIaX8_D10_c007_00,0,0,data\uniform_frames\v_l4OIaX8_D10_c007_00\frame_00.jpg
basketball/v_l4OIaX8_D10_c007_00,1,53,data\uniform_frames\v_l4OIaX8_D10_c007_00\frame_01.jpg
basketball/v_l4OIaX8_D10_c007_00,2,107,data\uniform_frames\v_l4OIaX8_D10_c007_00\frame_02.jpg
basketball/v_l4OIaX8_D10_c007_00,3,160,data\uniform_frames\v_l4OIaX8_D10_c007_00\frame_03.jpg
basketball/v_l4OIaX8_D10_c007_00,4,214,data\uniform_frames\v_l4OIaX8_D10_c007_00\frame_04.jpg
basketball/v_l4OIaX8_D10_c007_00,5,267,data\uniform_frames\v_l4OIaX8_D10_c007_00\frame_05.jpg
basketball/v_l4OIaX8_D10_c007_00,6,321,data\uniform_frames\v_l4OIaX8_D10_c007_00\frame_06.jpg
basketball/v_l4OIaX8_D10_c007_00,7,374,data\uniform_frames\v_l4OIaX8_D10_c007_00\frame_07.jpg
basketball/v_l9wUr-CK1Y4_c001_01,0,0,data\uniform_frames\v_l9wUr-CK1Y4_c001_01\frame_00.jpg
basketball/v_l9wUr-CK1Y4_c001_01,1,53,data\uniform_frames\v_l9wUr-CK1Y4_c001_01\frame_01.jpg
basketball/v_l9wUr-CK1Y4_c001_01,2,107,data\uniform_frames\v_l9wUr-CK1Y4_c001_01\frame_02.jpg
basketball/v_l9wUr-CK1Y4_c001_01,3,160,data\uniform_frames\v_l9wUr-CK1Y4_c001_01\frame_03.jpg
basketball/v_l9wUr-CK1Y4_c001_01,4,214,data\uniform_frames\v_l9wUr-CK1Y4_c001_01\frame_04.jpg
basketball/v_l9wUr-CK1Y4_c001_01,5,267,data\uniform_frames\v_l9wUr-CK1Y4_c001_01\frame_05.jpg
basketball/v_l9wUr-CK1Y4_c001_01,6,321,data\uniform_frames\v_l9wUr-CK1Y4_c001_01\frame_06.jpg
basketball/v_l9wUr-CK1Y4_c001_01,7,374,data\uniform_frames\v_l9wUr-CK1Y4_c001_01\frame_07.jpg
basketball/v_lkZY0naa0-o_c007_00,0,0,data\uniform_frames\v_lkZY0naa0-o_c007_00\frame_00.jpg
basketball/v_lkZY0naa0-o_c007_00,1,36,data\uniform_frames\v_lkZY0naa0-o_c007_00\frame_01.jpg
basketball/v_lkZY0naa0-o_c007_00,2,71,data\uniform_frames\v_lkZY0naa0-o_c007_00\frame_02.jpg
basketball/v_lkZY0naa0-o_c007_00,3,107,data\uniform_frames\v_lkZY0naa0-o_c007_00\frame_03.jpg
basketball/v_lkZY0naa0-o_c007_00,4,142,data\uniform_frames\v_lkZY0naa0-o_c007_00\frame_04.jpg
basketball/v_lkZY0naa0-o_c007_00,5,178,data\uniform_frames\v_lkZY0naa0-o_c007_00\frame_05.jpg
basketball/v_lkZY0naa0-o_c007_00,6,213,data\uniform_frames\v_lkZY0naa0-o_c007_00\frame_06.jpg
basketball/v_lkZY0naa0-o_c007_00,7,249,data\uniform_frames\v_lkZY0naa0-o_c007_00\frame_07.jpg
basketball/v_rYquruzj9hc_c009_00,0,0,data\uniform_frames\v_rYquruzj9hc_c009_00\frame_00.jpg
basketball/v_rYquruzj9hc_c009_00,1,53,data\uniform_frames\v_rYquruzj9hc_c009_00\frame_01.jpg
basketball/v_rYquruzj9hc_c009_00,2,107,data\uniform_frames\v_rYquruzj9hc_c009_00\frame_02.jpg
basketball/v_rYquruzj9hc_c009_00,3,160,data\uniform_frames\v_rYquruzj9hc_c009_00\frame_03.jpg
basketball/v_rYquruzj9hc_c009_00,4,214,data\uniform_frames\v_rYquruzj9hc_c009_00\frame_04.jpg
basketball/v_rYquruzj9hc_c009_00,5,267,data\uniform_frames\v_rYquruzj9hc_c009_00\frame_05.jpg
basketball/v_rYquruzj9hc_c009_00,6,321,data\uniform_frames\v_rYquruzj9hc_c009_00\frame_06.jpg
basketball/v_rYquruzj9hc_c009_00,7,374,data\uniform_frames\v_rYquruzj9hc_c009_00\frame_07.jpg
basketball/v_rYquruzj9hc_c010_00,0,0,data\uniform_frames\v_rYquruzj9hc_c010_00\frame_00.jpg
basketball/v_rYquruzj9hc_c010_00,1,43,data\uniform_frames\v_rYquruzj9hc_c010_00\frame_01.jpg
basketball/v_rYquruzj9hc_c010_00,2,85,data\uniform_frames\v_rYquruzj9hc_c010_00\frame_02.jpg
basketball/v_rYquruzj9hc_c010_00,3,128,data\uniform_frames\v_rYquruzj9hc_c010_00\frame_03.jpg
basketball/v_rYquruzj9hc_c010_00,4,171,data\uniform_frames\v_rYquruzj9hc_c010_00\frame_04.jpg
basketball/v_rYquruzj9hc_c010_00,5,214,data\uniform_frames\v_rYquruzj9hc_c010_00\frame_05.jpg
basketball/v_rYquruzj9hc_c010_00,6,256,data\uniform_frames\v_rYquruzj9hc_c010_00\frame_06.jpg
basketball/v_rYquruzj9hc_c010_00,7,299,data\uniform_frames\v_rYquruzj9hc_c010_00\frame_07.jpg
